nombre_corto,departamento,centro,escuela,carrera
Central,Guatemala,Campus Central,FACULTAD DE AGRONOMÍA,Ingeniería Agronómica en Recursos Naturales Renovables
Central,Guatemala,Campus Central,FACULTAD DE AGRONOMÍA,Ingeniería Agronómica en Sistemas de Producción Agrícola
Central,Guatemala,Campus Central,FACULTAD DE AGRONOMÍA,Ingeniería en Gestión Ambiental Local
Central,Guatemala,Campus Central,FACULTAD DE AGRONOMÍA,Ingeniería en Industrias Agropecuarias y Forestales
Central,Guatemala,Campus Central,FACULTAD DE AGRONOMÍA,Maestría Comercio Internacional de Productos Agrícolas
Central,Guatemala,Campus Central,FACULTAD DE AGRONOMÍA,Maestría en Desarrollo Rural
Central,Guatemala,Campus Central,FACULTAD DE AGRONOMÍA,Maestría en Gestión Ambiental Local
Central,Guatemala,Campus Central,FACULTAD DE AGRONOMÍA,Doctorado en Ciencias Agrícolas y Ambientales
Central,Guatemala,Campus Central,FACULTAD DE ARQUITECTURA,Arquitectura
Central,Guatemala,Campus Central,FACULTAD DE ARQUITECTURA,Licenciatura en Diseño Grafico
Central,Guatemala,Campus Central,FACULTAD DE ARQUITECTURA,Maestría en Desarrollo Urbano y Territorio
Central,Guatemala,Campus Central,FACULTAD DE ARQUITECTURA,"Maestría en Diseño, Planificación y Manejo Ambiental"
Central,Guatemala,Campus Central,FACULTAD DE ARQUITECTURA,Maestría en Gerencia de Proyectos Arquitectónicos
Central,Guatemala,Campus Central,FACULTAD DE ARQUITECTURA,Maestría en Mercadeo Para el Diseño
Central,Guatemala,Campus Central,FACULTAD DE ARQUITECTURA,Maestría en Planificación y Diseño del Paisaje
Central,Guatemala,Campus Central,FACULTAD DE ARQUITECTURA,"Maestría en Restauración de Monumentos, Especialidad en Bienes Inmuebles y Centros Históricos"
Central,Guatemala,Campus Central,FACULTAD DE ARQUITECTURA,Doctorado en Arquitectura
Central,Guatemala,Campus Central,FACULTAD DE CIENCIAS ECONÓMICAS,Administración de Empresas
Central,Guatemala,Campus Central,FACULTAD DE CIENCIAS ECONÓMICAS,Contaduría Pública y Auditoría
Central,Guatemala,Campus Central,FACULTAD DE CIENCIAS ECONÓMICAS,Economía
Central,Guatemala,Campus Central,FACULTAD DE CIENCIAS ECONÓMICAS,Maestría en Administración de Recursos Humanos
Central,Guatemala,Campus Central,FACULTAD DE CIENCIAS ECONÓMICAS,Maestría en Administración Financiera
Central,Guatemala,Campus Central,FACULTAD DE CIENCIAS ECONÓMICAS,Maestría en Consultoría Tributaria
Central,Guatemala,Campus Central,FACULTAD DE CIENCIAS ECONÓMICAS,Maestría en Economía Ambiental y de Recursos Naturales
Central,Guatemala,Campus Central,FACULTAD DE CIENCIAS ECONÓMICAS,Maestría en Formulación y Evaluación de Proyectos
Central,Guatemala,Campus Central,FACULTAD DE CIENCIAS ECONÓMICAS,Maestría en Gestión Tributaria
Central,Guatemala,Campus Central,FACULTAD DE CIENCIAS ECONÓMICAS,Maestría en Mercadeo
Central,Guatemala,Campus Central,FACULTAD DE CIENCIAS ECONÓMICAS,Doctorado en Ciencias Económicas con Especialidad en Administración Financiera
Central,Guatemala,Campus Central,FACULTAD DE CIENCIAS JURÍDICAS Y SOCIALES,"Licenciatura en Ciencias Jurídicas y Sociales, Abogacía y Notariado"
Central,Guatemala,Campus Central,FACULTAD DE CIENCIAS JURÍDICAS Y SOCIALES,Maestría en Criminología
Central,Guatemala,Campus Central,FACULTAD DE CIENCIAS JURÍDICAS Y SOCIALES,Maestría en Criminología Aplicada
Central,Guatemala,Campus Central,FACULTAD DE CIENCIAS JURÍDICAS Y SOCIALES,Maestría en Derecho Ambiental
Central,Guatemala,Campus Central,FACULTAD DE CIENCIAS JURÍDICAS Y SOCIALES,"Maestría en Derecho Bancario, Seguros y Mercados Financieros"
Central,Guatemala,Campus Central,FACULTAD DE CIENCIAS JURÍDICAS Y SOCIALES,Maestría en Derecho Civil y Procesal Civil
Central,Guatemala,Campus Central,FACULTAD DE CIENCIAS JURÍDICAS Y SOCIALES,Maestría en Derecho Constitucional
Central,Guatemala,Campus Central,FACULTAD DE CIENCIAS JURÍDICAS Y SOCIALES,"Maestría en Derecho de las Mujeres, Genero y Acceso a la Justicia"
Central,Guatemala,Campus Central,FACULTAD DE CIENCIAS JURÍDICAS Y SOCIALES,Maestría en Derecho Del Trabajo y de la Seguridad Social
Central,Guatemala,Campus Central,FACULTAD DE CIENCIAS JURÍDICAS Y SOCIALES,Maestría en Derecho Internacional
Central,Guatemala,Campus Central,FACULTAD DE CIENCIAS JURÍDICAS Y SOCIALES,Maestría en Derecho Mercantil y Competitividad
Central,Guatemala,Campus Central,FACULTAD DE CIENCIAS JURÍDICAS Y SOCIALES,Maestría en Derecho Notarial
Central,Guatemala,Campus Central,FACULTAD DE CIENCIAS JURÍDICAS Y SOCIALES,Maestría en Derecho Notarial y Registral
Central,Guatemala,Campus Central,FACULTAD DE CIENCIAS JURÍDICAS Y SOCIALES,Maestría en Derecho Penal
Central,Guatemala,Campus Central,FACULTAD DE CIENCIAS JURÍDICAS Y SOCIALES,Maestría en Derecho Procesal Penal
Central,Guatemala,Campus Central,FACULTAD DE CIENCIAS JURÍDICAS Y SOCIALES,Maestría en Derecho Tributario
Central,Guatemala,Campus Central,FACULTAD DE CIENCIAS JURÍDICAS Y SOCIALES,Maestría en Derechos Humanos
Central,Guatemala,Campus Central,FACULTAD DE CIENCIAS JURÍDICAS Y SOCIALES,Maestría en Propiedad Intelectual
Central,Guatemala,Campus Central,FACULTAD DE CIENCIAS JURÍDICAS Y SOCIALES,Universidad de San Carlos de Guatemala Listado de Carreras
Central,Guatemala,Campus Central,FACULTAD DE CIENCIAS JURÍDICAS Y SOCIALES,"Departamento de Registro y Estadística a Nivel de Pregrado, Grado y Postgrado"
Central,Guatemala,Campus Central,FACULTAD DE CIENCIAS JURÍDICAS Y SOCIALES,Sección de Estadística 2019
Central,Guatemala,Campus Central,FACULTAD DE CIENCIAS JURÍDICAS Y SOCIALES,Doctorado en Ciencias Penales
Central,Guatemala,Campus Central,FACULTAD DE CIENCIAS JURÍDICAS Y SOCIALES,Doctorado en Derecho
Central,Guatemala,Campus Central,FACULTAD DE CIENCIAS JURÍDICAS Y SOCIALES,Doctorado en Derecho Constitucional
Central,Guatemala,Campus Central,FACULTAD DE CIENCIAS JURÍDICAS Y SOCIALES,Doctorado en Derecho Constitucional Internacional
Central,Guatemala,Campus Central,FACULTAD DE CIENCIAS JURÍDICAS Y SOCIALES,"Doctorado en Derecho Del Trabajo, Previsión Social y Derechos Humanos"
Central,Guatemala,Campus Central,FACULTAD DE CIENCIAS JURÍDICAS Y SOCIALES,Doctorado en Derecho Tributario y Derecho Mercantil
Central,Guatemala,Campus Central,FACULTAD DE CIENCIAS JURÍDICAS Y SOCIALES,Doctorado en Seguridad Estratégica
Central,Guatemala,Campus Central,FACULTAD DE CIENCIAS QUÍMICAS Y FARMACIA,Biología
Central,Guatemala,Campus Central,FACULTAD DE CIENCIAS QUÍMICAS Y FARMACIA,Nutrición
Central,Guatemala,Campus Central,FACULTAD DE CIENCIAS QUÍMICAS Y FARMACIA,Química
Central,Guatemala,Campus Central,FACULTAD DE CIENCIAS QUÍMICAS Y FARMACIA,Química Biológica
Central,Guatemala,Campus Central,FACULTAD DE CIENCIAS QUÍMICAS Y FARMACIA,Química Farmacéutica
Central,Guatemala,Campus Central,FACULTAD DE CIENCIAS QUÍMICAS Y FARMACIA,Maestría en Administración Industrial y de Empresas de Servicios
Central,Guatemala,Campus Central,FACULTAD DE CIENCIAS QUÍMICAS Y FARMACIA,Maestría en Alimentación y Nutrición
Central,Guatemala,Campus Central,FACULTAD DE CIENCIAS QUÍMICAS Y FARMACIA,Maestría en Banco de Sangre y Medicina Transfusional
Central,Guatemala,Campus Central,FACULTAD DE CIENCIAS QUÍMICAS Y FARMACIA,Maestría en Gestión de la Calidad con Especialización en Inocuidad de Alimentos
Central,Guatemala,Campus Central,FACULTAD DE CIENCIAS QUÍMICAS Y FARMACIA,Maestría en Microbiología de Enfermedades Infecciosas
Central,Guatemala,Campus Central,FACULTAD DE HUMANIDADES,Bibliotecario General
Central,Guatemala,Campus Central,FACULTAD DE HUMANIDADES,Técnico en Ciencias de la Información Documental con especialidad en Democratización de la Información (Modalidad b-learning)
Central,Guatemala,Campus Central,FACULTAD DE HUMANIDADES,Técnico en Restauración de Bienes Muebles
Central,Guatemala,Campus Central,FACULTAD DE HUMANIDADES,Profesorado de Ensenanza Media en Pedagogía y Educación Intercultural
Central,Guatemala,Campus Central,FACULTAD DE HUMANIDADES,Profesorado de Enseñanza Media en Artes Plásticas e Historia del Arte
Central,Guatemala,Campus Central,FACULTAD DE HUMANIDADES,Profesorado de Enseñanza Media en Educación Musical
Central,Guatemala,Campus Central,FACULTAD DE HUMANIDADES,Profesorado de Enseñanza Media en Filosofía
Central,Guatemala,Campus Central,FACULTAD DE HUMANIDADES,Profesorado de Enseñanza Media en Idioma Inglés
Central,Guatemala,Campus Central,FACULTAD DE HUMANIDADES,Profesorado de Enseñanza Media en Lengua y Literatura
Central,Guatemala,Campus Central,FACULTAD DE HUMANIDADES,Profesorado de enseñanza Media en Pedagogía y Ciencias Naturales con Orientación Ambiental
Central,Guatemala,Campus Central,FACULTAD DE HUMANIDADES,Profesorado de Enseñanza Media en Pedagogía y Promotor de Derechos Humanos y Cultura de Paz
Central,Guatemala,Campus Central,FACULTAD DE HUMANIDADES,Profesorado de Enseñanza Media en Pedagogía y Técnico en Administración Educativa
Central,Guatemala,Campus Central,FACULTAD DE HUMANIDADES,Profesorado de Enseñanza Media en Pedagogía y Ténico en Investigación Educativa
Central,Guatemala,Campus Central,FACULTAD DE HUMANIDADES,"Profesorado de Enseñanza Media en Pedagogía, Ciencias Sociales y Formación Ciudadana"
Central,Guatemala,Campus Central,FACULTAD DE HUMANIDADES,Profesorado en Ciencias de la Información Documental con especialidad en Centros de Recursos para el Aprendizaje
Central,Guatemala,Campus Central,FACULTAD DE HUMANIDADES,Integrados al Currículo (Modalidad b-Learning)
Central,Guatemala,Campus Central,FACULTAD DE HUMANIDADES,Profesorado en Educación a Distancia
Central,Guatemala,Campus Central,FACULTAD DE HUMANIDADES,Profesorado en Educación Primaria Intercultural
Central,Guatemala,Campus Central,FACULTAD DE HUMANIDADES,Profesorado en Pedagogía y Tecnología de la Información y la Comunicación
Central,Guatemala,Campus Central,FACULTAD DE HUMANIDADES,Profesorado en Productividad y Desarrollo
Central,Guatemala,Campus Central,FACULTAD DE HUMANIDADES,Licenciatura en Administración Educativa y Tratamiento de Conflictividad Social
Central,Guatemala,Campus Central,FACULTAD DE HUMANIDADES,Licenciatura en Arte
Central,Guatemala,Campus Central,FACULTAD DE HUMANIDADES,Licenciatura en Bibliotecología
Central,Guatemala,Campus Central,FACULTAD DE HUMANIDADES,Licenciatura en Ciencias Naturales y Educación Ambiental
Central,Guatemala,Campus Central,FACULTAD DE HUMANIDADES,Licenciatura en Educación Bilingüe Intercultural
Central,Guatemala,Campus Central,FACULTAD DE HUMANIDADES,Licenciatura en Educación y Desarrollo Político Social
Central,Guatemala,Campus Central,FACULTAD DE HUMANIDADES,Licenciatura en Educación y Tecnología de la Información y Comunicación
Central,Guatemala,Campus Central,FACULTAD DE HUMANIDADES,Licenciatura en Enseñanza de Ciencias Sociales y Formación Ciudadana
Central,Guatemala,Campus Central,FACULTAD DE HUMANIDADES,Licenciatura en Filosofía
Central,Guatemala,Campus Central,FACULTAD DE HUMANIDADES,Licenciatura en Letras
Central,Guatemala,Campus Central,FACULTAD DE HUMANIDADES,Licenciatura en Lingüística del Idioma Inglés
Central,Guatemala,Campus Central,FACULTAD DE HUMANIDADES,Licenciatura en Pedagogía e Investigación Educativa
Central,Guatemala,Campus Central,FACULTAD DE HUMANIDADES,Licenciatura en Pedagogía en Interculturalidad
Central,Guatemala,Campus Central,FACULTAD DE HUMANIDADES,Licenciatura en Pedagogía y Administración Educativa
Central,Guatemala,Campus Central,FACULTAD DE HUMANIDADES,Licenciatura en Pedagogía y Derechos Humanos
Central,Guatemala,Campus Central,FACULTAD DE HUMANIDADES,Licenciatura en Pedagogía y Planificación Curricular
Central,Guatemala,Campus Central,FACULTAD DE HUMANIDADES,Universidad de San Carlos de Guatemala Listado de Carreras
Central,Guatemala,Campus Central,FACULTAD DE HUMANIDADES,"Departamento de Registro y Estadística a Nivel de Pregrado, Grado y Postgrado"
Central,Guatemala,Campus Central,FACULTAD DE HUMANIDADES,Sección de Estadística 2019
Central,Guatemala,Campus Central,FACULTAD DE HUMANIDADES,Maestría en Curriculum
Central,Guatemala,Campus Central,FACULTAD DE HUMANIDADES,Maestría en Docencia Universitaria
Central,Guatemala,Campus Central,FACULTAD DE HUMANIDADES,Maestría en Docencia Universitaria con Especialidad en Evaluación Educativa
Central,Guatemala,Campus Central,FACULTAD DE HUMANIDADES,Maestría en Educación Para el Desarrollo
Central,Guatemala,Campus Central,FACULTAD DE HUMANIDADES,Maestría en Filosofía
Central,Guatemala,Campus Central,FACULTAD DE HUMANIDADES,Maestría en Investigación
Central,Guatemala,Campus Central,FACULTAD DE HUMANIDADES,Maestría en Investigación Educativa
Central,Guatemala,Campus Central,FACULTAD DE HUMANIDADES,Doctorado en Educación
Central,Guatemala,Campus Central,FACULTAD DE HUMANIDADES,Doctorado en Filosofía
Central,Guatemala,Campus Central,FACULTAD DE INGENIERÍA,Ingeniería Ambiental
Central,Guatemala,Campus Central,FACULTAD DE INGENIERÍA,Ingeniería Civil
Central,Guatemala,Campus Central,FACULTAD DE INGENIERÍA,Ingeniería Eléctrica
Central,Guatemala,Campus Central,FACULTAD DE INGENIERÍA,Ingeniería Electrónica
Central,Guatemala,Campus Central,FACULTAD DE INGENIERÍA,Ingeniería en Ciencias y Sistemas
Central,Guatemala,Campus Central,FACULTAD DE INGENIERÍA,Ingeniería Industrial
Central,Guatemala,Campus Central,FACULTAD DE INGENIERÍA,Ingeniería Mecánica
Central,Guatemala,Campus Central,FACULTAD DE INGENIERÍA,Ingeniería Mecánica Eléctrica
Central,Guatemala,Campus Central,FACULTAD DE INGENIERÍA,Ingeniería Mecánica Industrial
Central,Guatemala,Campus Central,FACULTAD DE INGENIERÍA,Ingeniería Química
Central,Guatemala,Campus Central,FACULTAD DE INGENIERÍA,Maestría en Ciencia y Tecnología de los Alimentos
Central,Guatemala,Campus Central,FACULTAD DE INGENIERÍA,Maestría en Energía y Ambiente
Central,Guatemala,Campus Central,FACULTAD DE INGENIERÍA,Maestría en Estadística Aplicada
Central,Guatemala,Campus Central,FACULTAD DE INGENIERÍA,Maestría en Estructuras
Central,Guatemala,Campus Central,FACULTAD DE INGENIERÍA,Maestría en Geomática
Central,Guatemala,Campus Central,FACULTAD DE INGENIERÍA,Maestría en Gestión de Mercados Eléctricos Regulados
Central,Guatemala,Campus Central,FACULTAD DE INGENIERÍA,Maestría en Gestión de Recursos Hidrogeológicos
Central,Guatemala,Campus Central,FACULTAD DE INGENIERÍA,Maestría en Gestión Industrial
Central,Guatemala,Campus Central,FACULTAD DE INGENIERÍA,Maestría en Ingeniería de Mantenimiento
Central,Guatemala,Campus Central,FACULTAD DE INGENIERÍA,Maestría en Ingeniería Geotécnica
Central,Guatemala,Campus Central,FACULTAD DE INGENIERÍA,Maestría en Ingeniería para el Desarrollo Municipal
Central,Guatemala,Campus Central,FACULTAD DE INGENIERÍA,Maestría en Ingeniería Sanitaria
Central,Guatemala,Campus Central,FACULTAD DE INGENIERÍA,Maestría en Ingeniería Vial
Central,Guatemala,Campus Central,FACULTAD DE INGENIERÍA,"Maestría en Recursos Hidráulicos, Opción: Gestión Integrada de Recursos Hídricos, Hidrología e Hidráulica"
Central,Guatemala,Campus Central,FACULTAD DE INGENIERÍA,Maestría en Tecnologías de la Información y la Comunicación
Central,Guatemala,Campus Central,FACULTAD DE INGENIERÍA,Doctorado en Cambio Climático y Sostenibilidad
Central,Guatemala,Campus Central,FACULTAD DE INGENIERÍA,Especialización de Sistemas de Gestión de Calidad
Central,Guatemala,Campus Central,FACULTAD DE INGENIERÍA,Especialización en Administración y Mantenimiento Hospitalario
Central,Guatemala,Campus Central,FACULTAD DE INGENIERÍA,Especialización en Bioinformática y Biocomputación Molecular Biomédica
Central,Guatemala,Campus Central,FACULTAD DE INGENIERÍA,Especialización en Gerencia del Comercio Exterior
Central,Guatemala,Campus Central,FACULTAD DE INGENIERÍA,Especialización en Gestión del Talento Humano
Central,Guatemala,Campus Central,FACULTAD DE INGENIERÍA,Especialización en Investigación Científica
Central,Guatemala,Campus Central,FACULTAD DE ODONTOLOGÍA,Cirujano Dentista
Central,Guatemala,Campus Central,FACULTAD DE ODONTOLOGÍA,Especialidad en Ortodoncia y Ortopedia Maxilofacial
Central,Guatemala,Campus Central,FACULTAD DE ODONTOLOGÍA,Maestría en Cirugía Oral y Maxilofacial
Central,Guatemala,Campus Central,FACULTAD DE ODONTOLOGÍA,Maestría en Endodoncia
Central,Guatemala,Campus Central,FACULTAD DE ODONTOLOGÍA,Maestría en Ortodoncia y Ortopedia Maxilofacial
Central,Guatemala,Campus Central,FACULTAD DE ODONTOLOGÍA,Especialización en Odontología Forense con Énfasis en Identificación Humana
Central,Guatemala,Campus Central,FACULTAD DE ODONTOLOGÍA,Universidad de San Carlos de Guatemala Listado de Carreras
Central,Guatemala,Campus Central,FACULTAD DE ODONTOLOGÍA,"Departamento de Registro y Estadística a Nivel de Pregrado, Grado y Postgrado"
Central,Guatemala,Campus Central,FACULTAD DE ODONTOLOGÍA,Sección de Estadística 2019
Central,Guatemala,Campus Central,FACULTAD DE MEDICINA VETERINARIA Y ZOOTECNIA,Medicina Veterinaria
Central,Guatemala,Campus Central,FACULTAD DE MEDICINA VETERINARIA Y ZOOTECNIA,Zootecnia
Central,Guatemala,Campus Central,FACULTAD DE MEDICINA VETERINARIA Y ZOOTECNIA,Maestría en Ciencia Animal
Central,Guatemala,Campus Central,ESCUELA DE HISTORIA,Técnico Universitario en Archivos
Central,Guatemala,Campus Central,ESCUELA DE HISTORIA,Profesorado de Enseñanza Media en Historia y Ciencias Sociales
Central,Guatemala,Campus Central,ESCUELA DE HISTORIA,Licenciatura en Antropología
Central,Guatemala,Campus Central,ESCUELA DE HISTORIA,Licenciatura en Arqueología
Central,Guatemala,Campus Central,ESCUELA DE HISTORIA,Licenciatura en Historia
Central,Guatemala,Campus Central,ESCUELA DE HISTORIA,Licenciatura para la Enseñanza de la Historia
Central,Guatemala,Campus Central,ESCUELA DE HISTORIA,Maestría en Historia
Central,Guatemala,Campus Central,ESCUELA DE HISTORIA,Maestría en Historia del Arte
Central,Guatemala,Campus Central,ESCUELA DE HISTORIA,Doctorado en Ciencias Sociales
Central,Guatemala,Campus Central,ESCUELA DE TRABAJO SOCIAL,Técnico en Gestión Social para la Atención de la Primera Infancia
Central,Guatemala,Campus Central,ESCUELA DE TRABAJO SOCIAL,Licenciatura en Trabajo Social
Central,Guatemala,Campus Central,ESCUELA DE TRABAJO SOCIAL,Maestría en Desarrollo Humano Local y Cooperación Internacional
Central,Guatemala,Campus Central,ESCUELA DE TRABAJO SOCIAL,Maestría en Formulación y Evaluación de Proyectos para el Desarrollo Social
Central,Guatemala,Campus Central,ESCUELA DE TRABAJO SOCIAL,Maestría en Trabajo Social con Orientación en Formulación y Evaluación de Proyectos Para el Desarrollo Social
Central,Guatemala,Campus Central,ESCUELA DE TRABAJO SOCIAL,Especialización en Enfoque Social en la atención de la niñez y adolescencia desde el sistema de Justicia
Central,Guatemala,Campus Central,ESCUELA DE CIENCIAS DE LA COMUNICACIÓN,Locución Profesional
Central,Guatemala,Campus Central,ESCUELA DE CIENCIAS DE LA COMUNICACIÓN,Periodismo Profesional
Central,Guatemala,Campus Central,ESCUELA DE CIENCIAS DE LA COMUNICACIÓN,Publicidad Profesional
Central,Guatemala,Campus Central,ESCUELA DE CIENCIAS DE LA COMUNICACIÓN,Licenciatura en Ciencias de la Comunicación
Central,Guatemala,Campus Central,ESCUELA DE CIENCIAS DE LA COMUNICACIÓN,Maestría en Comunicación Estratégica y Opinión Pública
Central,Guatemala,Campus Central,ESCUELA DE CIENCIAS DE LA COMUNICACIÓN,Maestría en Comunicación Organizacional
Central,Guatemala,Campus Central,ESCUELA DE CIENCIAS DE LA COMUNICACIÓN,Maestría en Comunicación Virtual
Central,Guatemala,Campus Central,ESCUELA DE CIENCIAS DE LA COMUNICACIÓN,Doctorado en Comunicación Estratégica y Social
Central,Guatemala,Campus Central,ESCUELA DE CIENCIAS DE LA COMUNICACIÓN,Doctorado en Comunicación Social
Central,Guatemala,Campus Central,ESCUELA EN CIENCIA POLÍTICA,Licenciatura en Ciencia Política
Central,Guatemala,Campus Central,ESCUELA EN CIENCIA POLÍTICA,Licenciatura en Relaciones Internacionales
Central,Guatemala,Campus Central,ESCUELA EN CIENCIA POLÍTICA,Licenciatura en Sociología
Central,Guatemala,Campus Central,ESCUELA EN CIENCIA POLÍTICA,"Maestría en Análisis Estratégico, Seguridad y Geopolítica"
Central,Guatemala,Campus Central,ESCUELA EN CIENCIA POLÍTICA,"Maestría Sexualidad, Género y Políticas Públicas"
Central,Guatemala,Campus Central,ESCUELA EN CIENCIA POLÍTICA,Universidad de San Carlos de Guatemala Listado de Carreras
Central,Guatemala,Campus Central,ESCUELA EN CIENCIA POLÍTICA,"Departamento de Registro y Estadística a Nivel de Pregrado, Grado y Postgrado"
Central,Guatemala,Campus Central,ESCUELA EN CIENCIA POLÍTICA,Sección de Estadística 2019
Central,Guatemala,Campus Central,ESCUELA DE FORMACIÓN DE PROFESORES DE ENSEÑANZA MEDIA -EFPEM-,Profesorado de Educación Preprimaria Bilingüe Intercultural
Central,Guatemala,Campus Central,ESCUELA DE FORMACIÓN DE PROFESORES DE ENSEÑANZA MEDIA -EFPEM-,Profesorado de Educación Preprimaria Intercultural
Central,Guatemala,Campus Central,ESCUELA DE FORMACIÓN DE PROFESORES DE ENSEÑANZA MEDIA -EFPEM-,Profesorado de Educación Primaria Bilingüe Intercultural
Central,Guatemala,Campus Central,ESCUELA DE FORMACIÓN DE PROFESORES DE ENSEÑANZA MEDIA -EFPEM-,Profesorado de Educación Primaria Intercultural
Central,Guatemala,Campus Central,ESCUELA DE FORMACIÓN DE PROFESORES DE ENSEÑANZA MEDIA -EFPEM-,Profesorado de Enseñanza Media en Ciencias Económico Contables
Central,Guatemala,Campus Central,ESCUELA DE FORMACIÓN DE PROFESORES DE ENSEÑANZA MEDIA -EFPEM-,Profesorado de Enseñanza Media en Computación e Informática
Central,Guatemala,Campus Central,ESCUELA DE FORMACIÓN DE PROFESORES DE ENSEÑANZA MEDIA -EFPEM-,Profesorado de Enseñanza Media en Educación Bilingüe Intercultural con Énfasis en la Cultura Maya
Central,Guatemala,Campus Central,ESCUELA DE FORMACIÓN DE PROFESORES DE ENSEÑANZA MEDIA -EFPEM-,Profesorado de Enseñanza Media en Física Matemática
Central,Guatemala,Campus Central,ESCUELA DE FORMACIÓN DE PROFESORES DE ENSEÑANZA MEDIA -EFPEM-,Profesorado de Enseñanza Media en Lengua y Literatura
Central,Guatemala,Campus Central,ESCUELA DE FORMACIÓN DE PROFESORES DE ENSEÑANZA MEDIA -EFPEM-,Profesorado de Enseñanza Media en Química Biología
Central,Guatemala,Campus Central,ESCUELA DE FORMACIÓN DE PROFESORES DE ENSEÑANZA MEDIA -EFPEM-,Profesorado en Productividad y Desarrollo
Central,Guatemala,Campus Central,ESCUELA DE FORMACIÓN DE PROFESORES DE ENSEÑANZA MEDIA -EFPEM-,Licenciatura en Educación Bilingüe Intercultural con Énfasis en la Cultura Maya
Central,Guatemala,Campus Central,ESCUELA DE FORMACIÓN DE PROFESORES DE ENSEÑANZA MEDIA -EFPEM-,Licenciatura en Educación Preprimaria Intercultural con Énfasis en Educación Bilingüe
Central,Guatemala,Campus Central,ESCUELA DE FORMACIÓN DE PROFESORES DE ENSEÑANZA MEDIA -EFPEM-,Licenciatura en Educación Primaria Intercultural con Énfasis en Educación Bilingüe
Central,Guatemala,Campus Central,ESCUELA DE FORMACIÓN DE PROFESORES DE ENSEÑANZA MEDIA -EFPEM-,Licenciatura en Enseñanza de la Química y Biología
Central,Guatemala,Campus Central,ESCUELA DE FORMACIÓN DE PROFESORES DE ENSEÑANZA MEDIA -EFPEM-,Licenciatura en Enseñanza de la Computación e Informática
Central,Guatemala,Campus Central,ESCUELA DE FORMACIÓN DE PROFESORES DE ENSEÑANZA MEDIA -EFPEM-,Licenciatura en la Enseñanza de la Matemática y Física
Central,Guatemala,Campus Central,ESCUELA DE FORMACIÓN DE PROFESORES DE ENSEÑANZA MEDIA -EFPEM-,Licenciatura en la Enseñanza de las Ciencias Económico Contables
Central,Guatemala,Campus Central,ESCUELA DE FORMACIÓN DE PROFESORES DE ENSEÑANZA MEDIA -EFPEM-,Licenciatura en la Enseñanza del Idioma Español y Literatura
Central,Guatemala,Campus Central,ESCUELA DE FORMACIÓN DE PROFESORES DE ENSEÑANZA MEDIA -EFPEM-,Maestría en Liderazgo en el Acompañamiento Educativo
Central,Guatemala,Campus Central,ESCUELA DE CIENCIAS LINGÜÍSTICA,Técnico en Traducción y Correspondencia Internacional
Central,Guatemala,Campus Central,ESCUELA DE CIENCIAS LINGÜÍSTICA,Licenciatura en Ciencias Lingüísticas con Especialidad en Traducción e Interpretación
Central,Guatemala,Campus Central,ESCUELA DE CIENCIAS LINGÜÍSTICA,Licenciatura en Lingüística Aplicada en Metodología de la Enseñanza de Idiomas
Central,Guatemala,Campus Central,ESCUELA SUPERIOR DE ARTE,Licenciatura en Arte Dramático con Especialización en Actuación
Central,Guatemala,Campus Central,ESCUELA SUPERIOR DE ARTE,Licenciatura en Artes Visuales con Especialización en Pintura
Central,Guatemala,Campus Central,ESCUELA SUPERIOR DE ARTE,Licenciatura en Danza Contemporánea y Coreografía
Central,Guatemala,Campus Central,ESCUELA SUPERIOR DE ARTE,Licenciatura en Música
Central,Guatemala,Campus Central,ESCUELA DE CIENCIAS FÍSICAS Y MATEMÁTICAS,Licenciatura en Física Aplicada
Central,Guatemala,Campus Central,ESCUELA DE CIENCIAS FÍSICAS Y MATEMÁTICAS,Licenciatura en Matemática Aplicada
Central,Guatemala,Campus Central,ESCUELA DE CIENCIAS FÍSICAS Y MATEMÁTICAS,Maestría en Física
CUM,Guatemala,Centro Universitario Metropolitano,FACULTAD DE CIENCIAS MÉDICAS,Técnico de Fisioterapia
CUM,Guatemala,Centro Universitario Metropolitano,FACULTAD DE CIENCIAS MÉDICAS,Técnico de Terapia Respiratoria
CUM,Guatemala,Centro Universitario Metropolitano,FACULTAD DE CIENCIAS MÉDICAS,Técnico en Enfermería
CUM,Guatemala,Centro Universitario Metropolitano,FACULTAD DE CIENCIAS MÉDICAS,Médico y Cirujano
CUM,Guatemala,Centro Universitario Metropolitano,FACULTAD DE CIENCIAS MÉDICAS,Licenciatura en Enfermería
CUM,Guatemala,Centro Universitario Metropolitano,FACULTAD DE CIENCIAS MÉDICAS,Especialidad de Cirugía Plástica y Reconstructiva
CUM,Guatemala,Centro Universitario Metropolitano,FACULTAD DE CIENCIAS MÉDICAS,Especialidad de Neurología
CUM,Guatemala,Centro Universitario Metropolitano,FACULTAD DE CIENCIAS MÉDICAS,Especialidad de Otorrinolaringología
CUM,Guatemala,Centro Universitario Metropolitano,FACULTAD DE CIENCIAS MÉDICAS,Especialidad en Anestesiología
CUM,Guatemala,Centro Universitario Metropolitano,FACULTAD DE CIENCIAS MÉDICAS,Especialidad en Cardiología
CUM,Guatemala,Centro Universitario Metropolitano,FACULTAD DE CIENCIAS MÉDICAS,Especialidad en Circulación Extracorpórea
CUM,Guatemala,Centro Universitario Metropolitano,FACULTAD DE CIENCIAS MÉDICAS,Especialidad en Cirugía General
CUM,Guatemala,Centro Universitario Metropolitano,FACULTAD DE CIENCIAS MÉDICAS,Especialidad en Cirugía Plástica Pediátrica y Quemaduras
CUM,Guatemala,Centro Universitario Metropolitano,FACULTAD DE CIENCIAS MÉDICAS,Especialidad en Ginecología y Obstetricia
CUM,Guatemala,Centro Universitario Metropolitano,FACULTAD DE CIENCIAS MÉDICAS,Especialidad en Medicina Física y Rehabilitación
CUM,Guatemala,Centro Universitario Metropolitano,FACULTAD DE CIENCIAS MÉDICAS,Especialidad en Medicina Interna
CUM,Guatemala,Centro Universitario Metropolitano,FACULTAD DE CIENCIAS MÉDICAS,Especialidad en Neonatología
CUM,Guatemala,Centro Universitario Metropolitano,FACULTAD DE CIENCIAS MÉDICAS,Especialidad en Patología
CUM,Guatemala,Centro Universitario Metropolitano,FACULTAD DE CIENCIAS MÉDICAS,Especialidad en Pediatría
CUM,Guatemala,Centro Universitario Metropolitano,FACULTAD DE CIENCIAS MÉDICAS,Especialidad en Psiquiatría
CUM,Guatemala,Centro Universitario Metropolitano,FACULTAD DE CIENCIAS MÉDICAS,Especialidad en Radiología e Imágenes Diagnosticas
CUM,Guatemala,Centro Universitario Metropolitano,FACULTAD DE CIENCIAS MÉDICAS,Especialidad en Traumatologia y Ortopedia
CUM,Guatemala,Centro Universitario Metropolitano,FACULTAD DE CIENCIAS MÉDICAS,Especialidad en Urología
CUM,Guatemala,Centro Universitario Metropolitano,FACULTAD DE CIENCIAS MÉDICAS,Maestría en Administración Pública en Salud
CUM,Guatemala,Centro Universitario Metropolitano,FACULTAD DE CIENCIAS MÉDICAS,Maestría en Ciencias en Gastroenterología
CUM,Guatemala,Centro Universitario Metropolitano,FACULTAD DE CIENCIAS MÉDICAS,Maestría en Ciencias Forenses
CUM,Guatemala,Centro Universitario Metropolitano,FACULTAD DE CIENCIAS MÉDICAS,Maestría en Ciencias Médicas con Especialidad en Anestesiología
CUM,Guatemala,Centro Universitario Metropolitano,FACULTAD DE CIENCIAS MÉDICAS,Maestría en Ciencias Médicas con Especialidad en Cardiología Pediátrica
CUM,Guatemala,Centro Universitario Metropolitano,FACULTAD DE CIENCIAS MÉDICAS,Maestría en Ciencias Médicas con Especialidad en Cirugía Cardiovascular Pediátrica
CUM,Guatemala,Centro Universitario Metropolitano,FACULTAD DE CIENCIAS MÉDICAS,Maestría en Ciencias Médicas con Especialidad en Cirugía General
CUM,Guatemala,Centro Universitario Metropolitano,FACULTAD DE CIENCIAS MÉDICAS,Maestría en Ciencias Médicas con Especialidad en Dermatología
CUM,Guatemala,Centro Universitario Metropolitano,FACULTAD DE CIENCIAS MÉDICAS,Maestría en Ciencias Médicas con Especialidad en Gastroenterología y Endoscopia Digestiva
CUM,Guatemala,Centro Universitario Metropolitano,FACULTAD DE CIENCIAS MÉDICAS,Maestría en Ciencias Médicas con Especialidad en Ginecología Oncologica
CUM,Guatemala,Centro Universitario Metropolitano,FACULTAD DE CIENCIAS MÉDICAS,Maestría en Ciencias Médicas con Especialidad en Ginecología y Obstetricia
CUM,Guatemala,Centro Universitario Metropolitano,FACULTAD DE CIENCIAS MÉDICAS,Maestría en Ciencias Médicas con Especialidad en Hemato-Oncología Pediátrica
CUM,Guatemala,Centro Universitario Metropolitano,FACULTAD DE CIENCIAS MÉDICAS,Maestría en Ciencias Médicas con Especialidad en Infectología de Adultos
CUM,Guatemala,Centro Universitario Metropolitano,FACULTAD DE CIENCIAS MÉDICAS,Maestría en Ciencias Médicas con Especialidad en Infectologia Pediátrica
CUM,Guatemala,Centro Universitario Metropolitano,FACULTAD DE CIENCIAS MÉDICAS,Maestría en Ciencias Médicas con Especialidad en Medicina Critica y Cuidado Intensivo Del Adulto
CUM,Guatemala,Centro Universitario Metropolitano,FACULTAD DE CIENCIAS MÉDICAS,Maestría en Ciencias Médicas con Especialidad en Medicina Critica y Cuidado Intensivo Pediátrico
CUM,Guatemala,Centro Universitario Metropolitano,FACULTAD DE CIENCIAS MÉDICAS,Maestría en Ciencias Médicas con Especialidad en Medicina Física y Rehabilitación
CUM,Guatemala,Centro Universitario Metropolitano,FACULTAD DE CIENCIAS MÉDICAS,Maestría en Ciencias Médicas con Especialidad en Medicina Interna
CUM,Guatemala,Centro Universitario Metropolitano,FACULTAD DE CIENCIAS MÉDICAS,Maestría en Ciencias Médicas con Especialidad en Neonatología
CUM,Guatemala,Centro Universitario Metropolitano,FACULTAD DE CIENCIAS MÉDICAS,Maestría en Ciencias Médicas con Especialidad en Neurocirugía
CUM,Guatemala,Centro Universitario Metropolitano,FACULTAD DE CIENCIAS MÉDICAS,Universidad de San Carlos de Guatemala Listado de Carreras
CUM,Guatemala,Centro Universitario Metropolitano,FACULTAD DE CIENCIAS MÉDICAS,"Departamento de Registro y Estadística a Nivel de Pregrado, Grado y Postgrado"
CUM,Guatemala,Centro Universitario Metropolitano,FACULTAD DE CIENCIAS MÉDICAS,Sección de Estadística 2019
CUM,Guatemala,Centro Universitario Metropolitano,FACULTAD DE CIENCIAS MÉDICAS,Maestría en Ciencias Médicas con Especialidad en Neurofisiología Clínica
CUM,Guatemala,Centro Universitario Metropolitano,FACULTAD DE CIENCIAS MÉDICAS,Maestría en Ciencias Médicas con Especialidad en Neurología de Adultos
CUM,Guatemala,Centro Universitario Metropolitano,FACULTAD DE CIENCIAS MÉDICAS,Maestría en Ciencias Médicas con Especialidad en Neurología Pediátrica
CUM,Guatemala,Centro Universitario Metropolitano,FACULTAD DE CIENCIAS MÉDICAS,Maestría en Ciencias Médicas con Especialidad en Oftalmología
CUM,Guatemala,Centro Universitario Metropolitano,FACULTAD DE CIENCIAS MÉDICAS,Maestría en Ciencias Médicas con Especialidad en Ortopedia y Traumatología
CUM,Guatemala,Centro Universitario Metropolitano,FACULTAD DE CIENCIAS MÉDICAS,Maestría en Ciencias Médicas con Especialidad en Otorrinolaringología
CUM,Guatemala,Centro Universitario Metropolitano,FACULTAD DE CIENCIAS MÉDICAS,Maestría en Ciencias Médicas con Especialidad en Patología
CUM,Guatemala,Centro Universitario Metropolitano,FACULTAD DE CIENCIAS MÉDICAS,Maestría en Ciencias Médicas con Especialidad en Pediatría
CUM,Guatemala,Centro Universitario Metropolitano,FACULTAD DE CIENCIAS MÉDICAS,Maestría en Ciencias Médicas con Especialidad en Psiquiatría
CUM,Guatemala,Centro Universitario Metropolitano,FACULTAD DE CIENCIAS MÉDICAS,Maestría en Ciencias Médicas con especialidad en Psiquiatría Infanto Juvenil
CUM,Guatemala,Centro Universitario Metropolitano,FACULTAD DE CIENCIAS MÉDICAS,Maestría en Ciencias Médicas con Especialidad en Radiología e Imágenes Diagnósticas
CUM,Guatemala,Centro Universitario Metropolitano,FACULTAD DE CIENCIAS MÉDICAS,Maestría en Ciencias Médicas con Especialidad en Radioterapia
CUM,Guatemala,Centro Universitario Metropolitano,FACULTAD DE CIENCIAS MÉDICAS,Maestría en Ciencias Médicas con Especialidad en Reumatología
CUM,Guatemala,Centro Universitario Metropolitano,FACULTAD DE CIENCIAS MÉDICAS,Maestría en Enfermería Materno Neonatal
CUM,Guatemala,Centro Universitario Metropolitano,FACULTAD DE CIENCIAS MÉDICAS,Maestría en Medicina Familiar y Comunitaria
CUM,Guatemala,Centro Universitario Metropolitano,FACULTAD DE CIENCIAS MÉDICAS,Maestría en Nefrología de Adultos
CUM,Guatemala,Centro Universitario Metropolitano,FACULTAD DE CIENCIAS MÉDICAS,Maestría en Neurología
CUM,Guatemala,Centro Universitario Metropolitano,FACULTAD DE CIENCIAS MÉDICAS,Maestría en Nutrición y Alimentación en Salud
CUM,Guatemala,Centro Universitario Metropolitano,FACULTAD DE CIENCIAS MÉDICAS,Maestría en Oftalmología
CUM,Guatemala,Centro Universitario Metropolitano,FACULTAD DE CIENCIAS MÉDICAS,Maestría en Patología con Énfasis en Anatomía Patológica
CUM,Guatemala,Centro Universitario Metropolitano,FACULTAD DE CIENCIAS MÉDICAS,Maestría en Patología con Énfasis en Patología Anatómica y Clínica
CUM,Guatemala,Centro Universitario Metropolitano,FACULTAD DE CIENCIAS MÉDICAS,Maestría en Salud Pública
CUM,Guatemala,Centro Universitario Metropolitano,FACULTAD DE CIENCIAS MÉDICAS,Maestría en Salud Pública con Énfasis en Adicciones
CUM,Guatemala,Centro Universitario Metropolitano,FACULTAD DE CIENCIAS MÉDICAS,Maestría en Salud Pública con Énfasis en Epidemiologia
CUM,Guatemala,Centro Universitario Metropolitano,FACULTAD DE CIENCIAS MÉDICAS,Maestría en Salud Pública con Énfasis en Epidemiologia de Enfermedades Crónicas
CUM,Guatemala,Centro Universitario Metropolitano,FACULTAD DE CIENCIAS MÉDICAS,Maestría en Salud Pública con Énfasis en Gerencia de Sistemas y Servicios de Salud
CUM,Guatemala,Centro Universitario Metropolitano,FACULTAD DE CIENCIAS MÉDICAS,Maestría en Salud Pública con Énfasis en Gerencia y Gestión Hospitalaria
CUM,Guatemala,Centro Universitario Metropolitano,FACULTAD DE CIENCIAS MÉDICAS,"Maestría en Salud Pública con Énfasis en Gestión Del Desarrollo, Salud y Desastres"
CUM,Guatemala,Centro Universitario Metropolitano,FACULTAD DE CIENCIAS MÉDICAS,Maestría en Salud Pública con Énfasis en Gestión Social de Salud
CUM,Guatemala,Centro Universitario Metropolitano,FACULTAD DE CIENCIAS MÉDICAS,Maestría en Salud Pública con Énfasis en Promoción de Estilos de Vida Saludable
CUM,Guatemala,Centro Universitario Metropolitano,FACULTAD DE CIENCIAS MÉDICAS,Maestría en Salud Pública con Énfasis en Salud Ambiental
CUM,Guatemala,Centro Universitario Metropolitano,FACULTAD DE CIENCIAS MÉDICAS,Maestría en Salud Pública con Énfasis en Nutrición Materno Infantil
CUM,Guatemala,Centro Universitario Metropolitano,FACULTAD DE CIENCIAS MÉDICAS,Maestría en Urología
CUM,Guatemala,Centro Universitario Metropolitano,FACULTAD DE CIENCIAS MÉDICAS,Doctorado en Ciencias Biomédicas
CUM,Guatemala,Centro Universitario Metropolitano,FACULTAD DE CIENCIAS MÉDICAS,Doctorado en Salud Pública
CUM,Guatemala,Centro Universitario Metropolitano,FACULTAD DE CIENCIAS MÉDICAS,Especialización en Atención a la Persona con Diabetes
CUM,Guatemala,Centro Universitario Metropolitano,FACULTAD DE CIENCIAS MÉDICAS,Especialización en Atención Integral Para Adolescencia y Juventud
CUM,Guatemala,Centro Universitario Metropolitano,FACULTAD DE CIENCIAS MÉDICAS,Especialización en Audiencias con Énfasis en Medicina Forense y Ciencias Periciales Conexas
CUM,Guatemala,Centro Universitario Metropolitano,FACULTAD DE CIENCIAS MÉDICAS,Especialización en Epidemiología
CUM,Guatemala,Centro Universitario Metropolitano,FACULTAD DE CIENCIAS MÉDICAS,Especialización en Genética Humana en Ciencias de la Salud
CUM,Guatemala,Centro Universitario Metropolitano,FACULTAD DE CIENCIAS MÉDICAS,Especialización en Gestión y Economía de la Salud
CUM,Guatemala,Centro Universitario Metropolitano,FACULTAD DE CIENCIAS MÉDICAS,Especialización en Investigación
CUM,Guatemala,Centro Universitario Metropolitano,FACULTAD DE CIENCIAS MÉDICAS,Especialización en Investigación Médico-Forenses
CUM,Guatemala,Centro Universitario Metropolitano,FACULTAD DE CIENCIAS MÉDICAS,Especialización en Investigaciones Criminales Científicas
CUM,Guatemala,Centro Universitario Metropolitano,FACULTAD DE CIENCIAS MÉDICAS,Especialización en Medicina Estética y Longevidad Saludable
CUM,Guatemala,Centro Universitario Metropolitano,FACULTAD DE CIENCIAS MÉDICAS,Especialización en Metodología de la Investigación
CUM,Guatemala,Centro Universitario Metropolitano,FACULTAD DE CIENCIAS MÉDICAS,Especialización en Metodología de la Investigación en Salud
CUM,Guatemala,Centro Universitario Metropolitano,FACULTAD DE CIENCIAS MÉDICAS,Especialización en Neurodesarrollo del Niño y del Adolescente
CUM,Guatemala,Centro Universitario Metropolitano,FACULTAD DE CIENCIAS MÉDICAS,Especialización en Odontología Forense
CUM,Guatemala,Centro Universitario Metropolitano,FACULTAD DE CIENCIAS MÉDICAS,Especialización en Psicología Forense
CUM,Guatemala,Centro Universitario Metropolitano,FACULTAD DE CIENCIAS MÉDICAS,Especialización en Ultrasonido Ginecológico y Obstétrico
CUM,Guatemala,Centro Universitario Metropolitano,FACULTAD DE CIENCIAS MÉDICAS,Universidad de San Carlos de Guatemala Listado de Carreras
CUM,Guatemala,Centro Universitario Metropolitano,FACULTAD DE CIENCIAS MÉDICAS,"Departamento de Registro y Estadística a Nivel de Pregrado, Grado y Postgrado"
CUM,Guatemala,Centro Universitario Metropolitano,FACULTAD DE CIENCIAS MÉDICAS,Sección de Estadística 2019
CUM,Guatemala,Centro Universitario Metropolitano,ESCUELA DE CIENCIAS PSICOLÓGICAS,Orientación Vocacional y Laboral
CUM,Guatemala,Centro Universitario Metropolitano,ESCUELA DE CIENCIAS PSICOLÓGICAS,Terapia del Lenguaje
CUM,Guatemala,Centro Universitario Metropolitano,ESCUELA DE CIENCIAS PSICOLÓGICAS,Terapia Ocupacional y Recreativa
CUM,Guatemala,Centro Universitario Metropolitano,ESCUELA DE CIENCIAS PSICOLÓGICAS,Técnico en Deportes
CUM,Guatemala,Centro Universitario Metropolitano,ESCUELA DE CIENCIAS PSICOLÓGICAS,Profesorado de Enseñanza Media en Educación Física
CUM,Guatemala,Centro Universitario Metropolitano,ESCUELA DE CIENCIAS PSICOLÓGICAS,Profesorado de Enseñanza Media en Psicología
CUM,Guatemala,Centro Universitario Metropolitano,ESCUELA DE CIENCIAS PSICOLÓGICAS,Profesorado en Educación Especial
CUM,Guatemala,Centro Universitario Metropolitano,ESCUELA DE CIENCIAS PSICOLÓGICAS,Profesorado en Educación Física
CUM,Guatemala,Centro Universitario Metropolitano,ESCUELA DE CIENCIAS PSICOLÓGICAS,"Licenciatura en Educación Física, Deporte y Recreación"
CUM,Guatemala,Centro Universitario Metropolitano,ESCUELA DE CIENCIAS PSICOLÓGICAS,Licenciatura en Psicología
CUM,Guatemala,Centro Universitario Metropolitano,ESCUELA DE CIENCIAS PSICOLÓGICAS,Maestría en Prevención y Atención Integral de Conductas Adictivas
CUM,Guatemala,Centro Universitario Metropolitano,ESCUELA DE CIENCIAS PSICOLÓGICAS,Maestría en Psicología Forense
CEMA,Guatemala,Centro De Estudios Del Mar Y Acuicultura,NA,Técnico en Acuicultura
CEMA,Guatemala,Centro De Estudios Del Mar Y Acuicultura,NA,Licenciatura en Acuicultura
CEMA,Guatemala,Centro De Estudios Del Mar Y Acuicultura,NA,Maestría en Ciencias Marinas y Costeras
CEMA,Guatemala,Centro De Estudios Del Mar Y Acuicultura,NA,Universidad de San Carlos de Guatemala Listado de Carreras
CEMA,Guatemala,Centro De Estudios Del Mar Y Acuicultura,NA,"Departamento de Registro y Estadística a Nivel de Pregrado, Grado y Postgrado"
CEMA,Guatemala,Centro De Estudios Del Mar Y Acuicultura,NA,Sección de Estadística 2019
CUNOC,Quetzaltenango,Centro Universitario De Occidente,NA,Técnico en Agrimensura
CUNOC,Quetzaltenango,Centro Universitario De Occidente,NA,Trabajador Social Rural
CUNOC,Quetzaltenango,Centro Universitario De Occidente,NA,Profesorado de Enseñanza Media en Matemática y Física
CUNOC,Quetzaltenango,Centro Universitario De Occidente,NA,Profesorado de Enseñanza Media en Pedagogía con Especialización en Comunicación y Lenguaje
CUNOC,Quetzaltenango,Centro Universitario De Occidente,NA,Profesorado de Enseñanza Media en Psicología
CUNOC,Quetzaltenango,Centro Universitario De Occidente,NA,Profesorado en Educación Primaria Bilingüe Intercultural
CUNOC,Quetzaltenango,Centro Universitario De Occidente,NA,Administración de Empresas
CUNOC,Quetzaltenango,Centro Universitario De Occidente,NA,Arquitectura
CUNOC,Quetzaltenango,Centro Universitario De Occidente,NA,Cirujano Dentista
CUNOC,Quetzaltenango,Centro Universitario De Occidente,NA,Contaduría Pública y Auditoria
CUNOC,Quetzaltenango,Centro Universitario De Occidente,NA,Economía
CUNOC,Quetzaltenango,Centro Universitario De Occidente,NA,Médico y Cirujano
CUNOC,Quetzaltenango,Centro Universitario De Occidente,NA,"Licenciatura en Ciencias Jurídicas y Sociales, Abogacía y Notariado"
CUNOC,Quetzaltenango,Centro Universitario De Occidente,NA,Licenciatura en la Enseñanza de la Matemática y la Física
CUNOC,Quetzaltenango,Centro Universitario De Occidente,NA,Licenciatura en Pedagogía con Énfasis en Administración y Evaluación de Proyectos Educativos
CUNOC,Quetzaltenango,Centro Universitario De Occidente,NA,"Licenciatura en Pedagogía, con Énfasis en Diseño Curricular"
CUNOC,Quetzaltenango,Centro Universitario De Occidente,NA,Licenciatura en Psicología
CUNOC,Quetzaltenango,Centro Universitario De Occidente,NA,Licenciatura en Trabajo Social
CUNOC,Quetzaltenango,Centro Universitario De Occidente,NA,Ingeniería Agronómica en Sistemas de Producción Agrícola
CUNOC,Quetzaltenango,Centro Universitario De Occidente,NA,Ingeniería Civil
CUNOC,Quetzaltenango,Centro Universitario De Occidente,NA,Ingeniería en Administración de Tierras
CUNOC,Quetzaltenango,Centro Universitario De Occidente,NA,Ingeniería en Ciencias y Sistemas
CUNOC,Quetzaltenango,Centro Universitario De Occidente,NA,Ingeniería en Gestión Ambiental Local
CUNOC,Quetzaltenango,Centro Universitario De Occidente,NA,Ingeniería Industrial
CUNOC,Quetzaltenango,Centro Universitario De Occidente,NA,Ingeniería Mecánica
CUNOC,Quetzaltenango,Centro Universitario De Occidente,NA,Ingeniería Mecánica Industrial
CUNOC,Quetzaltenango,Centro Universitario De Occidente,NA,Maestría en Administración de Recursos Humanos
CUNOC,Quetzaltenango,Centro Universitario De Occidente,NA,Maestría en Administración de Servicios de Salud
CUNOC,Quetzaltenango,Centro Universitario De Occidente,NA,Maestría en Administración Financiera
CUNOC,Quetzaltenango,Centro Universitario De Occidente,NA,Maestría en Administración Pública
CUNOC,Quetzaltenango,Centro Universitario De Occidente,NA,Maestría en Antropología Social
CUNOC,Quetzaltenango,Centro Universitario De Occidente,NA,Maestría en Ciencia y Tecnología de Recursos Hídricos
CUNOC,Quetzaltenango,Centro Universitario De Occidente,NA,Maestría en Consultoría Tributaria
CUNOC,Quetzaltenango,Centro Universitario De Occidente,NA,Maestría en Derecho Civil y Procesal Civil
CUNOC,Quetzaltenango,Centro Universitario De Occidente,NA,Maestría en Derecho Constitucional
CUNOC,Quetzaltenango,Centro Universitario De Occidente,NA,Maestría en Derecho Constitucional y Derechos Fundamentales
CUNOC,Quetzaltenango,Centro Universitario De Occidente,NA,Maestría en Derecho Mercantil y Competitividad
CUNOC,Quetzaltenango,Centro Universitario De Occidente,NA,Maestría en Derecho Notarial y Registral
CUNOC,Quetzaltenango,Centro Universitario De Occidente,NA,Maestría en Derecho Penal
CUNOC,Quetzaltenango,Centro Universitario De Occidente,NA,Maestría en Derecho Tributario
CUNOC,Quetzaltenango,Centro Universitario De Occidente,NA,Maestría en Desarrollo Rural y Cambio Climático
CUNOC,Quetzaltenango,Centro Universitario De Occidente,NA,Maestría en Didáctica de la Matemática
CUNOC,Quetzaltenango,Centro Universitario De Occidente,NA,Maestría en Docencia Universitaria
CUNOC,Quetzaltenango,Centro Universitario De Occidente,NA,Maestría en Educación con especialidad en Docencia Universitaria
CUNOC,Quetzaltenango,Centro Universitario De Occidente,NA,Maestría en Educación con Orientación en Medio Ambiente
CUNOC,Quetzaltenango,Centro Universitario De Occidente,NA,Maestría en Formulación y Evaluación de Proyectos
CUNOC,Quetzaltenango,Centro Universitario De Occidente,NA,Maestría en Ingeniería Estructural y Sismo Resistente
CUNOC,Quetzaltenango,Centro Universitario De Occidente,NA,Doctorado en Derecho
CUNOC,Quetzaltenango,Centro Universitario De Occidente,NA,Doctorado en Investigación en Educación
CUNOC,Quetzaltenango,Centro Universitario De Occidente,NA,Universidad de San Carlos de Guatemala Listado de Carreras
CUNOC,Quetzaltenango,Centro Universitario De Occidente,NA,"Departamento de Registro y Estadística a Nivel de Pregrado, Grado y Postgrado"
CUNOC,Quetzaltenango,Centro Universitario De Occidente,NA,Sección de Estadística 2019
CUNOR,Alta Verapaz,Centro Universitario Del Norte,NA,Técnico en Geología
CUNOR,Alta Verapaz,Centro Universitario Del Norte,NA,Técnico en Producción Agrícola
CUNOR,Alta Verapaz,Centro Universitario Del Norte,NA,Técnico en Producción Pecuaria
CUNOR,Alta Verapaz,Centro Universitario Del Norte,NA,Orientación Vocacional y Laboral
CUNOR,Alta Verapaz,Centro Universitario Del Norte,NA,Terapia Del Lenguaje
CUNOR,Alta Verapaz,Centro Universitario Del Norte,NA,Trabajador Social
CUNOR,Alta Verapaz,Centro Universitario Del Norte,NA,Profesorado de Enseñanza Media en Pedagogía y Técnico en Administración Educativa con Orientación en Medio Ambiente
CUNOR,Alta Verapaz,Centro Universitario Del Norte,NA,Profesorado de Enseñanza Media en Psicología
CUNOR,Alta Verapaz,Centro Universitario Del Norte,NA,Profesorado en Educación Primaria Bilingüe Intercultural
CUNOR,Alta Verapaz,Centro Universitario Del Norte,NA,Administración de Empresas
CUNOR,Alta Verapaz,Centro Universitario Del Norte,NA,Contaduría Pública y Auditoria
CUNOR,Alta Verapaz,Centro Universitario Del Norte,NA,Médico y Cirujano
CUNOR,Alta Verapaz,Centro Universitario Del Norte,NA,"Licenciatura en Ciencias Jurídicas y Sociales, Abogacía y Notariado"
CUNOR,Alta Verapaz,Centro Universitario Del Norte,NA,Licenciatura en Pedagogía y Administración Educativa
CUNOR,Alta Verapaz,Centro Universitario Del Norte,NA,Licenciatura en Pedagogía y Administración Educativa con Orientación en Medio Ambiente
CUNOR,Alta Verapaz,Centro Universitario Del Norte,NA,Licenciatura en Psicología
CUNOR,Alta Verapaz,Centro Universitario Del Norte,NA,Licenciatura en Trabajo Social
CUNOR,Alta Verapaz,Centro Universitario Del Norte,NA,Licenciatura en Zootecnia
CUNOR,Alta Verapaz,Centro Universitario Del Norte,NA,Ingeniería Agronómica
CUNOR,Alta Verapaz,Centro Universitario Del Norte,NA,Ingeniería Civil
CUNOR,Alta Verapaz,Centro Universitario Del Norte,NA,Ingeniería en Ciencias y Sistemas
CUNOR,Alta Verapaz,Centro Universitario Del Norte,NA,Ingeniería en Gestión Ambiental Local
CUNOR,Alta Verapaz,Centro Universitario Del Norte,NA,Ingeniería Industrial
CUNOR,Alta Verapaz,Centro Universitario Del Norte,NA,Ingeniero Geólogo
CUNOR,Alta Verapaz,Centro Universitario Del Norte,NA,Maestría en Desarrollo Rural
CUNOR,Alta Verapaz,Centro Universitario Del Norte,NA,Maestría en Derecho Civil y Procesal Civil
CUNOR,Alta Verapaz,Centro Universitario Del Norte,NA,Maestría en Derecho Notarial y Registral
CUNOR,Alta Verapaz,Centro Universitario Del Norte,NA,Maestría en Derecho Penal
CUNOR,Alta Verapaz,Centro Universitario Del Norte,NA,Maestría en Docencia Universitaria con Énfasis en Andragogía
CUNORI,Chiquimula,Centro Universitario De Oriente,NA,Auditor Técnico
CUNORI,Chiquimula,Centro Universitario De Oriente,NA,Técnico en Administración de Empresas
CUNORI,Chiquimula,Centro Universitario De Oriente,NA,Técnico Universitario en Agrimensura
CUNORI,Chiquimula,Centro Universitario De Oriente,NA,Periodismo Profesional
CUNORI,Chiquimula,Centro Universitario De Oriente,NA,Profesorado de Enseñanza Media en Ciencias Naturales con Orientación Ambiental
CUNORI,Chiquimula,Centro Universitario De Oriente,NA,Profesorado de Enseñanza Media en Pedagogía y Técnico en Administración Educativa
CUNORI,Chiquimula,Centro Universitario De Oriente,NA,Administración de Empresas
CUNORI,Chiquimula,Centro Universitario De Oriente,NA,Contaduría Pública y Auditoria
CUNORI,Chiquimula,Centro Universitario De Oriente,NA,Médico y Cirujano
CUNORI,Chiquimula,Centro Universitario De Oriente,NA,Licenciatura en Ciencia Política
CUNORI,Chiquimula,Centro Universitario De Oriente,NA,Licenciatura en Ciencias de la Comunicación
CUNORI,Chiquimula,Centro Universitario De Oriente,NA,"Licenciatura en Ciencias Jurídicas y Sociales, Abogacía y Notariado"
CUNORI,Chiquimula,Centro Universitario De Oriente,NA,Licenciatura en Pedagogía y Administración Educativa
CUNORI,Chiquimula,Centro Universitario De Oriente,NA,Licenciatura en Relaciones Internacionales
CUNORI,Chiquimula,Centro Universitario De Oriente,NA,Licenciatura en Sociología
CUNORI,Chiquimula,Centro Universitario De Oriente,NA,Licenciatura en Zootecnia
CUNORI,Chiquimula,Centro Universitario De Oriente,NA,Ingeniería Civil
CUNORI,Chiquimula,Centro Universitario De Oriente,NA,Ingeniería en Administración de Tierras
CUNORI,Chiquimula,Centro Universitario De Oriente,NA,Ingeniería en Ciencias y Sistemas
CUNORI,Chiquimula,Centro Universitario De Oriente,NA,Ingeniería en Gestión Ambiental Local
CUNORI,Chiquimula,Centro Universitario De Oriente,NA,Ingeniería Industrial
CUNORI,Chiquimula,Centro Universitario De Oriente,NA,Ingeniero Agrónomo
CUNORI,Chiquimula,Centro Universitario De Oriente,NA,Ingeniero Agrónomo en Sistemas de Producción
CUNORI,Chiquimula,Centro Universitario De Oriente,NA,Universidad de San Carlos de Guatemala Listado de Carreras
CUNORI,Chiquimula,Centro Universitario De Oriente,NA,"Departamento de Registro y Estadística a Nivel de Pregrado, Grado y Postgrado"
CUNORI,Chiquimula,Centro Universitario De Oriente,NA,Sección de Estadística 2019
CUNORI,Chiquimula,Centro Universitario De Oriente,NA,Maestría en Derecho Constitucional
CUNORI,Chiquimula,Centro Universitario De Oriente,NA,Maestría en Derecho Penal
CUNORI,Chiquimula,Centro Universitario De Oriente,NA,Maestría en Docencia Universitaria con Orientación en Estrategias de Aprendizaje
CUNORI,Chiquimula,Centro Universitario De Oriente,NA,Maestría en Gerencia de Mercadotecnia Estratégica
CUNORI,Chiquimula,Centro Universitario De Oriente,NA,Doctorado en Investigación en Educación
CUNOROC,Huehuetenango,Centro Universitario De Noroccidente,NA,Trabajador Social
CUNOROC,Huehuetenango,Centro Universitario De Noroccidente,NA,Técnico en Producción Frutícola
CUNOROC,Huehuetenango,Centro Universitario De Noroccidente,NA,Técnico en Silvicultura y Manejo de Bosques
CUNOROC,Huehuetenango,Centro Universitario De Noroccidente,NA,Profesorado de Enseñanza Media en Matemática y Ciencias Económico Contable
CUNOROC,Huehuetenango,Centro Universitario De Noroccidente,NA,Profesorado de Enseñanza Media en Pedagogía y Educación Intercultural
CUNOROC,Huehuetenango,Centro Universitario De Noroccidente,NA,Profesorado de Enseñanza Media en Pedagogía y Técnico en Administración Educativa
CUNOROC,Huehuetenango,Centro Universitario De Noroccidente,NA,Profesorado en Educación Primaria Bilingüe Intercultural
CUNOROC,Huehuetenango,Centro Universitario De Noroccidente,NA,Médico y Cirujano
CUNOROC,Huehuetenango,Centro Universitario De Noroccidente,NA,"Licenciatura en Ciencias Jurídicas y Sociales, Abogacía y Notariado"
CUNOROC,Huehuetenango,Centro Universitario De Noroccidente,NA,Licenciatura en Pedagogía e Interculturalidad
CUNOROC,Huehuetenango,Centro Universitario De Noroccidente,NA,Licenciatura en Pedagogía y Administración Educativa
CUNOROC,Huehuetenango,Centro Universitario De Noroccidente,NA,Licenciatura en Pedagogía y Administración Educativa
CUNOROC,Huehuetenango,Centro Universitario De Noroccidente,NA,Licenciatura en Trabajo Social
CUNOROC,Huehuetenango,Centro Universitario De Noroccidente,NA,Licenciatura en Zootecnia con Énfasis en Sistemas de Producción Agropecuaria
CUNOROC,Huehuetenango,Centro Universitario De Noroccidente,NA,Ingeniería Forestal
CUNOROC,Huehuetenango,Centro Universitario De Noroccidente,NA,Ingeniero Agrónomo con Énfasis en Fruticultura
CUNOROC,Huehuetenango,Centro Universitario De Noroccidente,NA,Maestría en Docencia Superior con Orientación en Andragogía
CUNOROC,Huehuetenango,Centro Universitario De Noroccidente,NA,Maestría en Docencia Universitaria con Énfasis en Andragogía
CUNOROC,Huehuetenango,Centro Universitario De Noroccidente,NA,Maestría en Formulación y Evaluación de Proyectos en Desarrollo Social
CUNSUR,Escuintla,Centro Universitario Del Sur,NA,Técnico en Procesos Agroindustriales
CUNSUR,Escuintla,Centro Universitario Del Sur,NA,Profesorado de Enseñanza Media en Pedagogía y Técnico en Administración Educativa
CUNSUR,Escuintla,Centro Universitario Del Sur,NA,Administración de Empresas
CUNSUR,Escuintla,Centro Universitario Del Sur,NA,Contaduría Pública y Auditoria
CUNSUR,Escuintla,Centro Universitario Del Sur,NA,Médico y Cirujano
CUNSUR,Escuintla,Centro Universitario Del Sur,NA,"Licenciatura en Ciencias Jurídicas y Sociales, Abogacía y Notariado"
CUNSUR,Escuintla,Centro Universitario Del Sur,NA,Licenciatura en Pedagogía y Administración Educativa
CUNSUR,Escuintla,Centro Universitario Del Sur,NA,Ingeniería Agroindustrial
CUNSUR,Escuintla,Centro Universitario Del Sur,NA,Maestría en Gerencia de Empresas Agroindustriales
CUNSUROC,Suchitepéquez,Centro Universitario De Suroccidente,NA,Periodismo Profesional
CUNSUROC,Suchitepéquez,Centro Universitario De Suroccidente,NA,Trabajador Social
CUNSUROC,Suchitepéquez,Centro Universitario De Suroccidente,NA,Técnico en Administración de Empresas
CUNSUROC,Suchitepéquez,Centro Universitario De Suroccidente,NA,Técnico en Procesamiento de Alimentos
CUNSUROC,Suchitepéquez,Centro Universitario De Suroccidente,NA,Técnico en Producción Agrícola
CUNSUROC,Suchitepéquez,Centro Universitario De Suroccidente,NA,Profesorado de Enseñanza Media en Ciencias Naturales con Orientación Ambiental
CUNSUROC,Suchitepéquez,Centro Universitario De Suroccidente,NA,Profesorado de Enseñanza Media en Pedagogía Especializado en Administración Educativa
CUNSUROC,Suchitepéquez,Centro Universitario De Suroccidente,NA,Profesorado de Enseñanza Media en Pedagogía y Técnico en Administración Educativa
CUNSUROC,Suchitepéquez,Centro Universitario De Suroccidente,NA,Profesorado de Enseñanza Media en Psicopedagogía
CUNSUROC,Suchitepéquez,Centro Universitario De Suroccidente,NA,Administración de Empresas
CUNSUROC,Suchitepéquez,Centro Universitario De Suroccidente,NA,Licenciatura en Ciencias de la Comunicación
CUNSUROC,Suchitepéquez,Centro Universitario De Suroccidente,NA,"Licenciatura en Ciencias Jurídicas y Sociales, Abogacía y Notariado"
CUNSUROC,Suchitepéquez,Centro Universitario De Suroccidente,NA,Licenciatura en Pedagogía Especializado en Administración Educativa
CUNSUROC,Suchitepéquez,Centro Universitario De Suroccidente,NA,Licenciatura en Pedagogía y Administración Educativa
CUNSUROC,Suchitepéquez,Centro Universitario De Suroccidente,NA,Licenciatura en Psicopedagogía
CUNSUROC,Suchitepéquez,Centro Universitario De Suroccidente,NA,Licenciatura en Trabajo Social
CUNSUROC,Suchitepéquez,Centro Universitario De Suroccidente,NA,Universidad de San Carlos de Guatemala Listado de Carreras
CUNSUROC,Suchitepéquez,Centro Universitario De Suroccidente,NA,"Departamento de Registro y Estadística a Nivel de Pregrado, Grado y Postgrado"
CUNSUROC,Suchitepéquez,Centro Universitario De Suroccidente,NA,Sección de Estadística 2019
CUNSUROC,Suchitepéquez,Centro Universitario De Suroccidente,NA,Ingeniería en Alimentos
CUNSUROC,Suchitepéquez,Centro Universitario De Suroccidente,NA,Ingeniería en Gestión Ambiental Local
CUNSUROC,Suchitepéquez,Centro Universitario De Suroccidente,NA,Ingeniero Agrónomo
CUNSUROC,Suchitepéquez,Centro Universitario De Suroccidente,NA,Maestría en Docencia Universitaria con Énfasis en Andragogía
CUNSUROC,Suchitepéquez,Centro Universitario De Suroccidente,NA,Maestría en Gestión Comunitaria para el Desarrollo Humano Local
CUNSURORI,Jalapa,Centro Universitario De Suroriente,NA,Trabajador Social
CUNSURORI,Jalapa,Centro Universitario De Suroriente,NA,Técnico en Administración de Empresas
CUNSURORI,Jalapa,Centro Universitario De Suroriente,NA,Técnico en Producción Agrícola
CUNSURORI,Jalapa,Centro Universitario De Suroriente,NA,Técnico en Producción Pecuaria
CUNSURORI,Jalapa,Centro Universitario De Suroriente,NA,Profesor de Enseñanza Media en Pedagogía y Técnico en Administración Educativa
CUNSURORI,Jalapa,Centro Universitario De Suroriente,NA,Licenciatura en Administración de Empresas
CUNSURORI,Jalapa,Centro Universitario De Suroriente,NA,"Licenciatura en Ciencias Jurídicas y Sociales, Abogacía y Notariado"
CUNSURORI,Jalapa,Centro Universitario De Suroriente,NA,Licenciatura en Pedagogía y Administración Educativa
CUNSURORI,Jalapa,Centro Universitario De Suroriente,NA,Licenciatura en Trabajo Social
CUNSURORI,Jalapa,Centro Universitario De Suroriente,NA,Licenciatura en Zootecnia
CUNSURORI,Jalapa,Centro Universitario De Suroriente,NA,Ingeniero Agrónomo con Orientación en el Manejo y Conservación de Suelos y Agua
CUNSURORI,Jalapa,Centro Universitario De Suroriente,NA,Maestría en Derecho Constitucional
CUNSURORI,Jalapa,Centro Universitario De Suroriente,NA,Maestría en Docencia Universitaria con Énfasis en Andragogía
CUNSURORI,Jalapa,Centro Universitario De Suroriente,NA,Maestría en Formulación y Evaluación de Proyectos con Énfasis en Impacto Ambiental
CUNSURORI,Jalapa,Centro Universitario De Suroriente,NA,Maestría en Gerencia Administrativa de Recursos Humanos
CUNSURORI,Jalapa,Centro Universitario De Suroriente,NA,Doctorado en Investigación para el Desarrollo Social
CUSAM,San Marcos,Centro Universitario De San Marcos,NA,Trabajador Social
CUSAM,San Marcos,Centro Universitario De San Marcos,NA,Técnico en Administración de Empresas
CUSAM,San Marcos,Centro Universitario De San Marcos,NA,Técnico en Producción Agrícola
CUSAM,San Marcos,Centro Universitario De San Marcos,NA,Profesorado de Enseñanza Media en Pedagogía y Ciencias de la Educación
CUSAM,San Marcos,Centro Universitario De San Marcos,NA,Profesorado en Educación Primaria Bilingüe Intercultural
CUSAM,San Marcos,Centro Universitario De San Marcos,NA,Administración de Empresas
CUSAM,San Marcos,Centro Universitario De San Marcos,NA,Médico y Cirujano
CUSAM,San Marcos,Centro Universitario De San Marcos,NA,"Licenciatura en Ciencias Jurídicas y Sociales, Abogacía y Notariado"
CUSAM,San Marcos,Centro Universitario De San Marcos,NA,Licenciatura en Ciencias Políticas
CUSAM,San Marcos,Centro Universitario De San Marcos,NA,Licenciatura en Contaduría Pública y Auditoria
CUSAM,San Marcos,Centro Universitario De San Marcos,NA,Licenciatura en Pedagogía y Ciencias de la Educación
CUSAM,San Marcos,Centro Universitario De San Marcos,NA,Licenciatura en Pedagogía y Ciencias de la Educación
CUSAM,San Marcos,Centro Universitario De San Marcos,NA,Licenciatura en Relaciones Internacionales
CUSAM,San Marcos,Centro Universitario De San Marcos,NA,Licenciatura en Sociología
CUSAM,San Marcos,Centro Universitario De San Marcos,NA,Licenciatura en Trabajo Social con Orientación en Proyectos de Desarrollo
CUSAM,San Marcos,Centro Universitario De San Marcos,NA,Ingeniería Civil
CUSAM,San Marcos,Centro Universitario De San Marcos,NA,Ingeniero Agrónomo con Orientación en Agricultura Sostenible
CUSAM,San Marcos,Centro Universitario De San Marcos,NA,Maestría en Docencia Universitaria con Orientación en Neuroeducación
CUSAM,San Marcos,Centro Universitario De San Marcos,NA,Maestría en Gerencia de Proyectos de Desarrollo
CUSAM,San Marcos,Centro Universitario De San Marcos,NA,Universidad de San Carlos de Guatemala Listado de Carreras
CUSAM,San Marcos,Centro Universitario De San Marcos,NA,"Departamento de Registro y Estadística a Nivel de Pregrado, Grado y Postgrado"
CUSAM,San Marcos,Centro Universitario De San Marcos,NA,Sección de Estadística 2019
CUDEP,Petén,Centro Universitario De Petén,NA,Periodismo Profesional
CUDEP,Petén,Centro Universitario De Petén,NA,Trabajador Social
CUDEP,Petén,Centro Universitario De Petén,NA,Técnico en Arqueología
CUDEP,Petén,Centro Universitario De Petén,NA,Técnico Universitario en Agrimensura
CUDEP,Petén,Centro Universitario De Petén,NA,Profesor de Enseñanza Media en Educación Bilingüe Intercultural con Énfasis en Cultura Maya
CUDEP,Petén,Centro Universitario De Petén,NA,Profesor de Enseñanza Media en Pedagogía con Orientación en Medio Ambiente
CUDEP,Petén,Centro Universitario De Petén,NA,Profesorado de Enseñanza Media en Pedagogía y Ciencias de la Educación
CUDEP,Petén,Centro Universitario De Petén,NA,Profesorado en Educación Primaria Bilingüe Intercultural
CUDEP,Petén,Centro Universitario De Petén,NA,Profesorado en Enseñanza Media con Especialización en Matemáticas y Física
CUDEP,Petén,Centro Universitario De Petén,NA,Médico y Cirujano
CUDEP,Petén,Centro Universitario De Petén,NA,Licenciatura en Administración de Recursos Turísticos
CUDEP,Petén,Centro Universitario De Petén,NA,Licenciatura en Arqueología
CUDEP,Petén,Centro Universitario De Petén,NA,Licenciatura en Ciencias de la Comunicación
CUDEP,Petén,Centro Universitario De Petén,NA,"Licenciatura en Ciencias Jurídicas y Sociales, Abogacía y Notariado"
CUDEP,Petén,Centro Universitario De Petén,NA,Licenciatura en Educación Ambiental
CUDEP,Petén,Centro Universitario De Petén,NA,Licenciatura en Educación Bilingüe Intercultural con Énfasis en Cultura Maya
CUDEP,Petén,Centro Universitario De Petén,NA,Licenciatura en Pedagogía y Ciencias de la Educación
CUDEP,Petén,Centro Universitario De Petén,NA,Licenciatura en Psicología
CUDEP,Petén,Centro Universitario De Petén,NA,Licenciatura en Trabajo Social
CUDEP,Petén,Centro Universitario De Petén,NA,Ingeniería en Administración de Tierras
CUDEP,Petén,Centro Universitario De Petén,NA,Ingeniería Forestal
CUDEP,Petén,Centro Universitario De Petén,NA,Ingeniero Agrónomo en Sistemas de Producción Agropecuaria
CUDEP,Petén,Centro Universitario De Petén,NA,Maestría en Desarrollo Rural
CUDEP,Petén,Centro Universitario De Petén,NA,Maestría en Educación con Orientación en Medio Ambiente
CUDEP,Petén,Centro Universitario De Petén,NA,Maestría en Educación y Ambientalización Curricular
CUNIZAB,Izabal,Centro Universitario De Izabal,NA,Técnico en Administración de Empresas
CUNIZAB,Izabal,Centro Universitario De Izabal,NA,Profesorado de Enseñanza Media en Ciencias Naturales con Orientación Ambiental
CUNIZAB,Izabal,Centro Universitario De Izabal,NA,Profesorado de Enseñanza Media en Computación e Informática
CUNIZAB,Izabal,Centro Universitario De Izabal,NA,Profesorado de Enseñanza Media en Lengua y Literatura
CUNIZAB,Izabal,Centro Universitario De Izabal,NA,Profesorado de Enseñanza Media en Matemática y Física
CUNIZAB,Izabal,Centro Universitario De Izabal,NA,Profesorado de Enseñanza Media en Pedagogía y Técnico en Administración Educativa
CUNIZAB,Izabal,Centro Universitario De Izabal,NA,Administración de Empresas
CUNIZAB,Izabal,Centro Universitario De Izabal,NA,Contaduría Pública y Auditoria
CUNIZAB,Izabal,Centro Universitario De Izabal,NA,Licenciatura en Administración de Empresas
CUNIZAB,Izabal,Centro Universitario De Izabal,NA,"Licenciatura en Ciencias Jurídicas y Sociales, Abogacía y Notariado"
CUNIZAB,Izabal,Centro Universitario De Izabal,NA,Licenciatura en Pedagogía y Administración Educativa
CUNIZAB,Izabal,Centro Universitario De Izabal,NA,Licenciatura en Psicología
CUNIZAB,Izabal,Centro Universitario De Izabal,NA,Licenciatura en Trabajo Social
CUNIZAB,Izabal,Centro Universitario De Izabal,NA,Ingeniería en Gestión Ambiental Local
CUNIZAB,Izabal,Centro Universitario De Izabal,NA,Ingeniero Agrónomo en Sistemas de Producción Agrícola
CUNSARO,Santa Rosa,Centro Universitario De Santa Rosa,NA,Técnico en Administración de Empresas
CUNSARO,Santa Rosa,Centro Universitario De Santa Rosa,NA,Técnico en Turismo
CUNSARO,Santa Rosa,Centro Universitario De Santa Rosa,NA,Profesorado en Enseñanza Media en Pedagogía y Técnico en Administración Educativa
CUNSARO,Santa Rosa,Centro Universitario De Santa Rosa,NA,Licenciatura en Administración de Empresas
CUNSARO,Santa Rosa,Centro Universitario De Santa Rosa,NA,"Licenciatura en Ciencias Jurídicas y Sociales, Abogacía y Notariado"
CUNSARO,Santa Rosa,Centro Universitario De Santa Rosa,NA,Licenciatura en Pedagogía y Administración Educativa
CUNSARO,Santa Rosa,Centro Universitario De Santa Rosa,NA,Licenciatura en Turismo
CUNSARO,Santa Rosa,Centro Universitario De Santa Rosa,NA,Ingeniero Agrónomo en Sistemas de Producción Agrícola
CUNSARO,Santa Rosa,Centro Universitario De Santa Rosa,NA,Universidad de San Carlos de Guatemala Listado de Carreras
CUNSARO,Santa Rosa,Centro Universitario De Santa Rosa,NA,"Departamento de Registro y Estadística a Nivel de Pregrado, Grado y Postgrado"
CUNSARO,Santa Rosa,Centro Universitario De Santa Rosa,NA,Sección de Estadística 2019
CUNJUT,Jutiapa,Centro Universitario De Jutiapa,NA,Profesorado de Enseñanza Media en Pedagogía y Administración Educativa
CUNJUT,Jutiapa,Centro Universitario De Jutiapa,NA,Administración de Empresas
CUNJUT,Jutiapa,Centro Universitario De Jutiapa,NA,Contaduría Pública y Auditoria
CUNJUT,Jutiapa,Centro Universitario De Jutiapa,NA,"Licenciatura en Ciencias Jurídicas y Sociales, Abogacía y Notariado"
CUNJUT,Jutiapa,Centro Universitario De Jutiapa,NA,Licenciatura en Pedagogía y Administración Educativa
CUNJUT,Jutiapa,Centro Universitario De Jutiapa,NA,Ingeniería Agronómica en Sistemas de Producción Agrícola
CUNDECH,Chimaltenango,Centro Universitario De Chimaltenango,NA,Técnico en Turismo
CUNDECH,Chimaltenango,Centro Universitario De Chimaltenango,NA,Profesorado de Enseñanza Media en Pedagogía y Técnico en Administración Educativa
CUNDECH,Chimaltenango,Centro Universitario De Chimaltenango,NA,Administración de Empresas
CUNDECH,Chimaltenango,Centro Universitario De Chimaltenango,NA,Contaduría Pública y Auditoría
CUNDECH,Chimaltenango,Centro Universitario De Chimaltenango,NA,"Licenciatura en Ciencias Jurídicas y Sociales, Abogacía y Notariado"
CUNDECH,Chimaltenango,Centro Universitario De Chimaltenango,NA,Licenciatura en Pedagogía y Administración Educativa
CUNDECH,Chimaltenango,Centro Universitario De Chimaltenango,NA,Licenciatura en Turismo
CUNDECH,Chimaltenango,Centro Universitario De Chimaltenango,NA,Ingeniero Agrónomo en Sistemas de Producción Agrícola
CUNBAV,Baja Verapaz,Centro Universitario De Baja Verapaz,NA,Profesorado de Enseñanza Media en Pedagogía y Técnico en Administración Educativa con Orientación en Medio Ambiente
CUNBAV,Baja Verapaz,Centro Universitario De Baja Verapaz,NA,Licenciatura en Administración de Empresas
CUNBAV,Baja Verapaz,Centro Universitario De Baja Verapaz,NA,"Licenciatura en Ciencias Jurídicas y Sociales, Abogacía y Notariado"
CUNBAV,Baja Verapaz,Centro Universitario De Baja Verapaz,NA,Licenciatura en Pedagogía y Administración Educativa con Orientación en Medio Ambiente
CUNBAV,Baja Verapaz,Centro Universitario De Baja Verapaz,NA,Ingeniero Agrónomo en Sistemas de Producción Agrícola
CUNPROGRESO,Guastatoya,Centro Universitario De El Progreso,NA,Profesorado de Enseñanza Media en Matemática y Física
CUNPROGRESO,Guastatoya,Centro Universitario De El Progreso,NA,Profesorado de Enseñanza Media en Pedagogía y Técnico en Administración Educativa
CUNPROGRESO,Guastatoya,Centro Universitario De El Progreso,NA,Licenciatura en Administración de Empresas
CUNPROGRESO,Guastatoya,Centro Universitario De El Progreso,NA,"Licenciatura en Ciencias Jurídicas y Sociales, Abogacía y Notariado"
CUNPROGRESO,Guastatoya,Centro Universitario De El Progreso,NA,Licenciatura en Pedagogía y Administración Educativa
CUNPROGRESO,Guastatoya,Centro Universitario De El Progreso,NA,Ingeniero Agrónomo en Sistemas de Producción Agrícola
CUNTOTO,Totonicapán,Centro Universitario De Totonicapán,NA,Profesorado de Enseñanza Media en Pedagogía y Técnico en Administración Educativa con Orientación en Medio Ambiente
CUNTOTO,Totonicapán,Centro Universitario De Totonicapán,NA,Profesorado de Enseñanza Media en Educación Bilingüe Intercultural con Énfasis en Cultura Maya
CUNTOTO,Totonicapán,Centro Universitario De Totonicapán,NA,Profesorado de Enseñanza Media en Pedagogía y Educación Intercultural
CUNTOTO,Totonicapán,Centro Universitario De Totonicapán,NA,"Licenciatura en Ciencias Jurídicas y Sociales, Abogacía y Notariado"
CUNTOTO,Totonicapán,Centro Universitario De Totonicapán,NA,Licenciatura en Pedagogía e Interculturalidad
CUNTOTO,Totonicapán,Centro Universitario De Totonicapán,NA,Licenciatura en Pedagogía y Administración Educativa con Orientación en Medio Ambiente
CUNTOTO,Totonicapán,Centro Universitario De Totonicapán,NA,Ingeniería Forestal
CUSACQ,Santa Cruz Del Quiché,Centro Universitario De El Quiché,NA,Profesorado de Enseñanza Media en Educación Bilingüe Intercultural con Énfasis en Cultura Maya
CUSACQ,Santa Cruz Del Quiché,Centro Universitario De El Quiché,NA,Profesorado de Enseñanza Media en Matemática y Física
CUSACQ,Santa Cruz Del Quiché,Centro Universitario De El Quiché,NA,Profesorado de Enseñanza Media en Pedagogía y Técnico en Administración Educativa con Orientación en Medio Ambiente
CUSACQ,Santa Cruz Del Quiché,Centro Universitario De El Quiché,NA,Profesorado en Educación Primaria Bilingüe Intercultural
CUSACQ,Santa Cruz Del Quiché,Centro Universitario De El Quiché,NA,Administración de Empresas
CUSACQ,Santa Cruz Del Quiché,Centro Universitario De El Quiché,NA,"Licenciatura en Ciencias Jurídicas y Sociales, Abogacía y Notariado"
CUSACQ,Santa Cruz Del Quiché,Centro Universitario De El Quiché,NA,Licenciatura en la Enseñanza de la Matemática y Física
CUSACQ,Santa Cruz Del Quiché,Centro Universitario De El Quiché,NA,Licenciatura en Pedagogía y Administración Educativa con Especialidad en Medio Ambiente
CUSACQ,Santa Cruz Del Quiché,Centro Universitario De El Quiché,NA,Ingeniería Agronómica en Sistemas de Producción Agrícola
CUSACQ,Santa Cruz Del Quiché,Centro Universitario De El Quiché,NA,Maestría en Desarrollo Rural y Cambio Climático
CUSACQ,Santa Cruz Del Quiché,Centro Universitario De El Quiché,NA,Maestría en Docencia Universitaria con Énfasis en Andragogía
CUSACQ,Santa Cruz Del Quiché,Centro Universitario De El Quiché,NA,Universidad de San Carlos de Guatemala Listado de Carreras
CUSACQ,Santa Cruz Del Quiché,Centro Universitario De El Quiché,NA,"Departamento de Registro y Estadística a Nivel de Pregrado, Grado y Postgrado"
CUSACQ,Santa Cruz Del Quiché,Centro Universitario De El Quiché,NA,Sección de Estadística 2019
CUNZAC,Zacapa,Centro Universitario De Zacapa,NA,Administración de Empresas
CUNZAC,Zacapa,Centro Universitario De Zacapa,NA,Contaduría Pública y Auditoria
CUNZAC,Zacapa,Centro Universitario De Zacapa,NA,"Licenciatura en Ciencias Jurídicas y Sociales, Abogado y Notario"
CUNZAC,Zacapa,Centro Universitario De Zacapa,NA,Licenciatura en Enfermería
CUNZAC,Zacapa,Centro Universitario De Zacapa,NA,Licenciatura en Nutrición
CUNZAC,Zacapa,Centro Universitario De Zacapa,NA,Licenciatura en Psicología
CUNZAC,Zacapa,Centro Universitario De Zacapa,NA,Ingeniería en Industrias Agropecuarias y Forestales
CUNZAC,Zacapa,Centro Universitario De Zacapa,NA,Ingeniero Agrónomo
CUNZAC,Zacapa,Centro Universitario De Zacapa,NA,Maestría en Consultoría Tributaria
CUNZAC,Zacapa,Centro Universitario De Zacapa,NA,Maestría en Derecho Constitucional
CUNZAC,Zacapa,Centro Universitario De Zacapa,NA,Maestría en Derecho Procesal Penal
CUNZAC,Zacapa,Centro Universitario De Zacapa,NA,Maestría en Docencia Universitaria con Énfasis en Andragogía
CUNZAC,Zacapa,Centro Universitario De Zacapa,NA,Maestría en Formulación y Evaluación de Proyectos con Énfasis en Impacto Ambiental
CUNSOL,Sololá,Centro Universitario De Sololá,NA,Profesorado en Educación Primaria Bilingüe Intercultural
CUNSOL,Sololá,Centro Universitario De Sololá,NA,Contador Público y Auditor
CUNSOL,Sololá,Centro Universitario De Sololá,NA,"Licenciatura en Ciencias Jurídicas y Sociales, Abogacía y Notariado"
CUNSOL,Sololá,Centro Universitario De Sololá,NA,Licenciatura en Trabajo Social
CUNSAC,San Antonio Aguas Calientes,Centro Universitario De Sacatepéquez,NA,Profesorado en Enseñanza Media en Pedagogía de Ciencias Naturales y Ecología
CUNSAC,San Antonio Aguas Calientes,Centro Universitario De Sacatepéquez,NA,Profesorado en Enseñanza Media en Pedagogía de Ciencias Sociales y Organización Comunitaria
CUNSAC,San Antonio Aguas Calientes,Centro Universitario De Sacatepéquez,NA,"Licenciatura en Administración Turística, Aventura y Hospitalidad"
CUNSAC,San Antonio Aguas Calientes,Centro Universitario De Sacatepéquez,NA,Licenciatura en Psicología
CUNREU,Retalhuleu,Centro Universitario De Retalhuleu,NA,Licenciatura en Administración de Recursos Turísticos
CUNREU,Retalhuleu,Centro Universitario De Retalhuleu,NA,Licenciatura en Zootecnia
ITMES,Alta Verapaz,Instituto Tecnológico Maya De Estudios Superiores,NA,Ingeniería en Industria Alimentaria
ITMES,Alta Verapaz,Instituto Tecnológico Maya De Estudios Superiores,NA,Ingeniería en Industria del Bosque
ITMES,Alta Verapaz,Instituto Tecnológico Maya De Estudios Superiores,NA,Licenciatura en Administración y Finanzas
ITUGS,Escuintla,Instituto Tecnológico Universitario Guatemala,NA,Técnico Universitario en Electrónica
ITUGS,Escuintla,Instituto Tecnológico Universitario Guatemala,NA,Técnico Universitario en Mantenimiento Automotriz
ITUGS,Escuintla,Instituto Tecnológico Universitario Guatemala,NA,Técnico Universitario en Metal Mecánica
ITUGS,Escuintla,Instituto Tecnológico Universitario Guatemala,NA,Técnico Universitario en Procesos de Manufactura
ITUGS,Escuintla,Instituto Tecnológico Universitario Guatemala,NA,Técnico Universitario en Procesos Productivos y Calidad Alimentaria
ITUGS,Escuintla,Instituto Tecnológico Universitario Guatemala,NA,Técnico Universitario en Refrigeración y Aire Acondicionado
